0.99,0,239.6,0.747,0.154,2.014,24.79,21.9,-24.61,0.174,0.119,0.066,6.218,0,0.369,2.162,0
0.99,0,150.2,0.787,0.155,1.673,23.34,23.04,-19.06,0.088,0.334,0.018,10.588,0,0.321,1.181,0
0.99,0,245.9,0.693,0.119,4.787,22.44,22.86,-22.87,0.198,0.432,0.04,12.19,0,0.105,1.936,0
0.99,0,301.9,0.474,0.234,2.796,25.48,25.55,-23.53,0.159,0.333,0.028,15.291,0,0.091,0.502,0
0.99,0,194.6,0.842,0.475,2.439,14.82,15.47,-13.58,0.26,0.405,0.195,2.172,0,0.396,1.655,0
0.99,0,210.7,0.751,0.185,1.237,25.76,25.31,-23.99,0.115,0.114,0.072,4.979,0,0.214,0.734,0
0.99,0,216.4,0.63,0.366,1.95,22.78,21.05,-21.89,0.132,0.159,0.107,5.706,0,0.122,0.468,0
0.99,0,121.8,0.636,0.175,2.683,24.42,19.69,-20.96,0.174,0.546,0.019,9.304,0,0.224,0.978,0
0.99,0,239.4,0.41,0.371,1.636,24.1,19.96,-24.48,0.511,0.286,0.016,13.011,0,0.175,1.131,0
0.99,0,183.8,0.63,0.162,0.83,29.14,26.51,-27.97,0.125,0.138,0.019,11.131,0,0.105,0.85,0
0.99,0,218.3,0.961,0.18,0.809,21.06,22.68,-20.34,0.145,0.092,0.163,5.093,0,0.27,1.254,0
0.99,0,144,0.62,0.235,4.18,20.97,13.98,-22.08,0.19,0.706,0.133,4.027,0,0.332,3.32,0
0.99,0,168.3,0.655,0.252,2.795,21.75,23.13,-19.7,0.131,0.371,0.06,6.076,0,0.155,2.877,0
0.99,0,132.5,0.598,0.672,2.849,16.62,14.71,-12.87,0.119,0.687,0.005,15.8,0,0.223,1.008,0
0.99,0,121.7,0.685,0.182,2.35,22.69,19,-17.71,0.107,0.559,0.02,5.65,0,0.046,0.42,0
0.99,0,236.6,0.972,0.274,1.752,19.85,18.45,-24.7,0.196,0.145,0.123,6.12,0,0.381,1.141,0
0.99,0,213.7,1.385,0.133,0.951,28.08,27.24,-26.24,0.106,0.061,0.039,10.159,0,0.133,0.622,0
0.99,0,261.6,0.515,0.441,3.194,23.32,15.77,-21.62,0.387,0.313,0.058,12.148,0,0.146,2.008,0
0.99,0,239.8,0.59,0.198,1.132,23.53,23.34,-24.7,0.128,0.23,0.068,8.998,0,0.252,0.592,0
0.99,0,242.1,0.577,0.154,1.173,27.81,28.65,-28.4,0.118,0.121,0.032,11.939,0,0.274,1.814,0
0.99,0,239.7,0.975,0.246,3.632,20.75,20.58,-22.95,0.197,0.349,0.063,9.334,0,0.103,0.969,0
0.98,0,173,0.342,0.076,1.324,29.14,25.59,-23.14,0.087,0.137,0.014,13.455,0,0.176,1.377,0
0.99,0,298.4,1.278,0.129,0.714,29.68,30.65,-29.65,0.203,0.081,0.047,13.099,0,0.183,1.016,0
0.99,0,238.4,0.553,0.172,1.132,26.49,26.73,-26.02,0.272,0.206,0.023,13.821,0,0.354,2.882,0
0.98,0,122.5,0.561,0.122,2.092,25.8,23.07,-22.2,0.071,0.226,0.009,10.823,0,0.331,1.716,0
0.99,0,242,0.651,0.501,0.634,24.62,20.32,-19.6,0.196,0.13,0.012,12.038,0,0.158,1.047,0
0.99,0,316.4,0.429,0.167,8.314,28.16,28.94,-29.5,0.2,0.074,0.018,17.418,0,0.252,8.021,0
0.99,0,257.7,0.29,0.137,2.162,19.69,20.87,-18.32,0.119,0.537,0.207,5.828,0,0.082,0.613,0
0.99,0,303.6,0.43,0.195,1.43,25.89,22.44,-26.65,0.187,0.161,0.039,13.929,0,0.125,0.784,0
0.99,0,224.4,0.87,0.738,2.537,21.93,17.45,-16.45,0.484,0.632,0.034,13.662,0,0.241,0.897,0
0.99,0,250.7,0.388,0.219,0.763,30.23,26.41,-30.03,0.141,0.054,0.019,16.891,0,0.08,0.333,0
0.99,0,190.4,0.366,0.27,1.452,25.54,24.91,-24.54,0.172,0.173,0.05,7.991,0,0.093,0.549,0
0.99,0,256.6,0.659,0.27,1.192,29.23,24.43,-26.29,0.248,0.111,0.012,19.165,0,0.083,0.421,0
0.98,0,151.3,0.933,0.311,1.788,20.11,18.86,-18.07,0.128,0.135,0.066,5.983,0,0.418,2.008,0
0.98,0,140.8,0.664,0.252,1.982,22.89,20.58,-18.53,0.169,0.329,0.008,16.075,0,0.245,0.675,0
0.99,0,250,0.389,0.251,1.652,23.29,23.4,-22.4,0.205,0.271,0.01,17.333,0,0.162,1.115,0
0.99,0,230.5,0.519,0.124,1.021,22.88,19.49,-27.36,0.133,0.057,0.055,5.471,0,0.144,0.484,0
0.99,0,241.2,0.652,0.392,2.599,21.28,17.44,-22.48,0.31,0.591,0.045,11.799,0,0.082,1.019,0
0.99,0,120.8,0.541,0.269,2.457,22.24,20.25,-17.58,0.075,0.168,0.013,9.681,0,0.079,0.534,0
0.99,0,247.1,0.395,0.307,2.067,25.69,20.95,-25.27,0.228,0.199,0.016,13.111,0,0.15,0.627,0
0.99,0,163.3,0.899,0.309,3.142,13.6,16.84,-9.14,0.238,1.9,0.059,5.889,0,0.32,1.657,0
0.99,0,131.6,1.608,0.367,3.759,19.96,16.49,-11.74,0.184,0.535,0.049,8.403,0,0.262,1.685,0
0.98,0,121,0.553,0.095,0.719,28.76,25.19,-20.96,0.069,0.077,0.006,11.648,0,0.057,0.337,0
0.98,0,124.8,0.787,0.128,1.67,26.97,19.98,-24.79,0.096,0.17,0.022,10.048,0,0.414,2.333,0
0.99,0,227.8,0.493,0.371,2.408,17.42,19.6,-20.76,0.219,0.191,0.524,-1.097,0,0.184,1.134,0
0.99,0,226,0.606,0.298,3.92,20.19,17.02,-22.64,0.226,0.329,0.072,6.197,0,0.158,2.153,0
0.99,0,234.2,0.575,0.309,1.682,20.7,23.58,-21.8,0.173,0.311,0.234,4.015,0,0.332,1.137,0
0.98,0,129.4,0.564,0.079,0.844,29.06,26.44,-27.18,0.069,0.174,0.009,14.101,0,0.281,1.177,0
0.99,0,240.9,0.44,0.238,0.792,22.63,22.96,-22.86,0.154,0.091,0.055,7.072,0,0.254,0.931,0
0.98,0,188.2,0.388,0.233,1.634,27.51,25.8,-27.14,0.13,0.129,0.03,9.568,0,0.165,0.684,0
0.97,0,122.3,0.661,0.199,0.837,28.05,21.63,-24.44,0.072,0.158,0.007,8.326,0,0.133,0.551,0
0.99,0,218.4,0.455,0.163,1.803,27.99,25.29,-26.85,0.138,0.253,0.03,11.915,0,0.127,0.95,0
0.98,0,146.5,0.296,0.149,1.699,24.98,24.91,-21.04,0.088,0.324,0.032,10.239,0,0.081,0.45,0
0.98,0,140.9,1.309,0.233,2.001,19.49,20.23,-14.36,0.154,0.635,0.135,-0.092,0,0.123,0.637,0
0.98,0,109,1.211,0.418,3.468,18.99,12.22,-10.97,0.267,1.326,0.015,5.764,0,0.479,3.459,0
0.98,1.97,125.9,1.014,0.514,13.521,9.2,6.33,-6.66,5.845,7.372,0.126,-0.567,1,0.549,5.657,0
0.98,0,147.9,0.433,0.179,1.507,9.79,15.59,-9.17,0.197,0.135,0.101,-18.819,0,0.102,0.395,0
0.98,0,92.7,0.909,0.413,2.894,17.03,9.62,-11.58,0.146,1.08,0.016,4.197,0,0.167,1.051,0
0.99,0,148.3,0.94,0.754,14.928,12.53,10.19,-9.51,0.345,1.716,0.274,-1.931,0,0.441,4.3,0
0.99,0,196.4,1.519,1.485,11.739,2.3,5.4,-3.9,11.177,8.95,0.604,-2.902,0,0.223,2.917,0
0.98,0,128,1.699,0.447,2.689,15.18,12.34,-11.42,0.208,0.707,0.631,-7.514,0,0.46,1.815,0
0.97,0,79.2,1.016,0.659,7.247,12.18,5.95,-4.64,6.271,4.161,0.061,0.426,0,0.372,4.432,0
0.99,0,152.3,1.537,0.976,5.692,7.56,6.66,-5.49,7.317,2.18,0.788,-10.539,0,0.768,4.046,0
0.99,0,153.6,1.079,0.252,4.679,18.27,17.46,-15.57,0.185,0.993,0.088,2.496,0,0.447,2.658,0
0.99,0,200.6,0.692,0.354,5.533,17.66,14.6,-16.94,0.288,0.898,0.214,2.571,0,0.076,1.505,0
0.92,5.84,108,2.001,1.236,11.656,7.1,5.07,-4.51,9.942,21.785,0.028,14.148,3,0.192,7.895,0
0.99,0,195.3,0.771,0.249,1.784,16.13,17.26,-15.63,0.412,0.407,0.456,-2.653,0,0.295,1.274,0
0.97,6.47,94.7,2.603,1.593,6.222,14.51,8.32,-5.5,1.346,2.11,0.301,-1.013,3,0.272,4.968,0
0.99,0,237.8,1.077,0.742,6.96,7.65,8.79,-7.59,10.463,3.107,0.203,-4.777,0,0.416,5.99,0
0.98,0,190.3,0.83,0.54,2.809,9.56,11.79,-9.65,2.827,0.396,0.705,-4.13,0,0.184,0.915,0
0.95,0,87.6,0.873,0.355,4.356,12.88,8.05,-7.16,1.98,3.35,0.135,2.571,0,0.336,2.83,0
0.98,0,118.1,1.714,1.952,12.571,6.48,5.02,-4.75,3.055,5.853,0.196,0.054,0,0.497,4.141,0
0.97,0,129.9,1.054,0.904,8.639,12.47,9.24,-10.17,0.228,1.929,0.383,-1.156,0,0.299,11.479,0
0.99,0,178.5,0.916,0.184,3.435,22.74,16.07,-20.24,0.151,0.64,0.11,8.365,0,0.401,3.555,0
0.99,0,180.7,1.998,0.612,12.387,10.41,9.87,-9.48,3.54,1.797,0.666,-5.424,0,1.091,9.95,0
0.99,0,193.4,1.363,0.491,7.03,8.28,11.37,-8.08,7.442,1.133,0.296,-0.876,0,0.238,3.039,0
0.89,39.49,164.3,5.587,5.496,32.407,2.44,2.82,-3.39,11.481,27.245,0.288,1.089,11,0.146,21.914,0
0.95,0,176.3,3.138,3.248,19.735,0.58,3.6,-2.97,12.072,15.751,0.646,-6.6,0,0.503,4.149,0
0.99,0,206,1.885,0.447,4.268,11.74,10.8,-11.33,1.383,1.85,0.237,2.784,0,0.412,2.337,0
0.99,0,181.8,0.827,0.345,1.526,18.7,20.46,-17.38,0.163,0.294,0.188,0.302,0,0.342,1.55,0
0.98,0,117.3,0.834,0.541,4.529,10.36,6.5,-4.91,9.541,2.333,0.735,-8.369,0,0.212,0.818,0
0.98,0,119.2,2.742,1.044,6.18,8.64,6.99,-5.24,5.889,1.613,0.625,-8.968,0,0.523,1.984,0
0.99,0,185.2,0.62,0.412,2.809,16.69,14.17,-16.63,0.23,0.524,0.181,2.611,0,0.06,0.437,0
0.98,0,124.5,0.51,0.254,3.214,20.02,13.84,-9.12,3.291,0.805,0.21,1.933,0,0.104,1.327,0
0.98,0,104.3,0.681,0.386,3.531,18.71,11.37,-12.04,0.165,0.454,0.288,0.686,0,0.333,6.285,0
0.98,0,106.1,0.794,0.219,4.51,17.76,12.07,-14.16,0.882,1.195,0.129,-1.195,0,0.203,1.546,0
0.99,0,177.2,1.346,0.981,2.873,17.02,14.08,-11.39,1.006,1.355,0.342,1.05,0,0.187,0.71,0
0.99,0,220.8,0.736,0.241,2.2,24,21.33,-22.4,0.205,0.329,0.121,1.911,0,0.253,1.943,0
0.98,0,143.7,0.978,1.032,11.185,9.44,9.77,-7.83,1.828,4.613,0.153,0.394,0,0.219,3.848,0
0.99,0,129.5,0.996,0.77,8.07,18,10.42,-9.82,2.293,3.687,0.114,2.897,0,0.251,2.961,0
0.98,0,86.4,0.901,0.253,1.939,17.46,11.36,-11.45,0.08,1.042,0.024,4.094,0,0.249,1.436,0
0.98,0,156.8,0.949,1.092,8.359,9.05,8.42,-7.87,4.722,4.335,0.341,-0.515,0,0.102,1.918,0
0.98,0,102.9,2.296,1.129,7.002,12.41,6.59,-6.64,2.287,2.11,0.001,9.862,0,0.621,3.062,0
0.99,0,144.6,1.032,1.019,5.616,13.26,9,-10.79,2.441,2.707,0.066,3.939,0,0.19,2.458,0
0.99,0,261.5,1.647,0.796,8.14,18.08,13.72,-13,3.427,2.457,0.483,0.277,0,0.273,1.397,0
0.99,0,185.1,0.979,0.761,5.135,8.54,9.07,-8.2,6.925,1.959,0.299,-1.551,0,0.34,3.522,0
0.98,0,149.7,0.617,0.307,3.172,18.99,13.07,-13.69,1.659,0.445,0.122,4.706,0,0.318,3.384,0
0.98,0,198.7,1.182,0.319,2.073,14.9,18.33,-14.28,0.227,0.798,0.437,-0.48,0,0.178,0.814,0
0.98,0,155.3,0.358,0.164,3.241,20.42,17.81,-18.72,0.125,0.284,0.269,-0.675,0,0.235,1.822,0
0.99,0,123.4,0.529,0.285,8.753,15.26,12.94,-9.92,1.177,1.953,0.103,0.602,0,0.128,3.318,0
0.99,0,189.6,0.941,0.941,7.722,8.58,12.27,-8.48,4.443,3.338,0.329,0.153,0,0.37,3.711,0
0.98,0,111.8,2.429,2.421,8.268,4.47,4.31,-4.14,6.862,3.008,0.78,-10.436,0,0.555,2.697,0
0.98,0,137.8,1.29,0.316,4.959,17.65,8.85,-7.84,4.191,2.109,0.372,1.347,0,0.328,1.9,0
0.96,69.57,161.5,6.875,5.377,25.984,4.32,2.74,-4.23,10.922,9.201,0.72,-11.205,4,1.671,15.889,0
0.98,0,134.8,0.616,0.457,4.662,16.34,11.44,-13.01,0.288,1.123,0.096,3.768,0,0.204,2.145,0
0.99,0,163.6,1.037,0.468,11.228,10.07,10.49,-8.46,2.957,5.444,0.082,-2.438,0,0.538,3.613,0
0.98,0,110.5,1.809,0.443,4.236,15.72,12.17,-7.87,0.188,0.957,0.069,1.904,0,0.792,5.347,0
0.98,0,140.5,1.078,0.742,12.814,10.53,5.57,-7.79,10.096,3.585,0.104,1.938,0,0.302,3.42,0
0.98,0,159.8,3.435,0.821,7.618,9.52,7.61,-6.42,6.033,2.978,0.579,-6.609,0,1.355,4.092,0
1,11.06,535.7,3.267,3.287,26.465,4.08,8.15,-8.73,3.459,11.425,0.537,-0.179,14,0.601,16.134,0
0.99,0,125.4,0.661,0.289,2.672,20.7,12.74,-15.08,0.299,0.307,0.457,-2.984,0,0.352,3.522,0
0.99,0,93.4,1.108,0.46,6.059,12.16,6.98,-4.68,8.66,3.076,0.025,-5.402,0,0.473,2.786,0
0.99,0,125.9,0.933,0.697,9.876,8.33,5.92,-4.84,8.659,7.601,0.356,-0.709,0,0.298,2.805,0
0.98,0,116.8,1.466,0.35,2.83,20.88,16.83,-15.99,0.124,0.482,0.16,-2.768,0,0.542,2.267,0
0.99,0,178.1,1.273,0.525,8.601,17.31,13.69,-12.03,1.254,1.621,0.104,8.533,0,0.294,2.665,0
0.98,0,149.3,1.199,0.504,3.769,14.05,11.17,-11.98,0.248,1.435,0.105,-0.72,0,0.502,1.677,0
0.98,0,108.8,0.911,0.222,2.175,20.54,17.75,-16.44,0.118,1.322,0.003,9.855,0,0.368,1.812,0
0.97,4.39,114.8,1.091,0.361,5.796,13.45,10.4,-10.8,1.938,3.236,0.37,-1.115,2,0.521,5.268,0
0.98,0,127.3,2.211,0.655,6.71,10.94,8.5,-7.53,2.316,4.126,0.218,-0.176,0,0.772,5.803,0
0.99,1.04,196.1,2.762,1.267,10.385,5.07,7.27,-5.34,8.594,2.589,0.818,-7.996,1,1.5,14.298,0
0.99,0,213.7,0.582,0.281,2.962,12.18,13.46,-11.05,4.225,1.428,0.409,0.382,0,0.389,3.05,0
0.98,1.97,116.9,1.783,0.648,8.093,9.97,6.06,-5.08,7.089,7.284,0.063,3.368,1,0.436,6.205,0
0.43,12.45,195.4,3.707,0.475,3.776,16.72,14.65,-13.53,1.689,1.592,0.035,14.393,2,0.548,7.068,0
0.08,18.35,141.7,1.514,2.188,12.384,7.49,3.84,-6.85,5.984,6.75,0.001,18.012,1,0.098,2.835,0
0.99,0,257.6,0.755,0.784,13.736,7.76,9.59,-9.48,2.967,3.402,0.434,1.187,0,0.312,8.325,0
0.98,0,128,0.64,0.456,6.938,13.63,8.05,-9.64,3.769,2.675,0.406,-0.368,0,0.248,2.857,0
0.99,0,191.2,1.213,1.228,5.371,10.78,9.2,-10.3,4.857,2.17,0.559,-2.412,0,0.514,2.498,0
0.99,0.84,149.1,2.149,0.458,5.985,8.57,8.49,-7.12,1.737,5.567,0.248,-0.182,1,1.084,6.84,0
0.97,0,125.3,0.934,0.338,2.735,21.62,16.32,-16.25,0.142,0.304,0.09,4.966,0,0.42,3.56,0
0.94,0,111.4,1.028,0.702,6.095,15.75,7.94,-7.3,7.479,1.019,0.504,-8.322,0,0.211,1.839,0
0.98,0,136.5,1.007,0.13,1.043,26.35,24.27,-23.76,0.065,0.176,0.024,11.13,0,0.181,0.965,0
0.64,9.45,163.2,3.103,2.73,14.696,5.64,3.94,-4.81,6.615,11.091,0.18,1.982,4,0.626,4.356,0
0.97,0,82.2,1.002,0.306,1.53,19.9,9.47,-5.99,1.293,0.425,0.024,-3.795,0,0.379,1.707,0
0.98,0,116.7,0.652,0.296,9.638,15.01,11.66,-12.58,0.214,1.77,0.225,0.386,0,0.259,3.839,0
0.98,0,128.4,2.545,2.254,21.771,20.11,7.66,-5.52,6.339,1.684,0.67,-6.482,0,1.451,6.816,0
0.99,0,167.2,1.33,0.232,1.138,12.85,13.99,-11.88,1.058,0.102,0.276,-0.251,0,0.708,1.29,0
0.98,0,143.5,1.538,0.592,10.943,9.62,8.28,-8.14,6.443,7.629,0.222,2.381,0,0.238,1.955,0
0.98,0,157.5,0.558,0.54,3.422,18.56,16.63,-15.32,0.204,0.831,0.155,4.714,0,0.142,3.044,0
0.98,0,138.5,0.975,0.32,2.197,21.46,16.4,-15.46,0.191,0.247,0.073,5.369,0,0.618,3.144,0
0.97,8.17,95.7,2.091,0.299,3.568,16.49,9.84,-8.57,1.583,1.679,0.001,7.964,4,0.551,6.977,0
0.97,0,80.5,1.019,0.869,3.486,12.85,5.56,-7.38,4.081,1.631,0.01,0.681,0,0.364,2.255,0
0.98,0,168.4,0.585,0.32,4.477,18.42,14.31,-12.94,0.255,0.592,0.45,-0.896,0,0.144,1.959,0
0.99,0,204.7,0.62,0.455,3.297,13.62,11.97,-13.5,0.458,0.414,0.87,-9.641,0,0.353,2.641,0
0.99,5.02,168.6,2.549,3.253,13.178,0.92,4.12,-3.19,12.283,23.465,0.449,-2.646,3,0.532,5.214,0
0.99,0,146.9,0.88,0.208,1.913,24.39,19.15,-25.39,0.128,0.36,0.069,6.625,0,0.381,1.67,0
0.99,0,186.2,0.556,0.214,1.46,22.04,18.47,-21.23,0.184,0.352,0.245,0.207,0,0.327,1.587,0
0.84,28.51,133.2,2.667,2.661,12.33,8.74,5.2,-4.97,9.267,17.112,0.417,0.011,8,0.303,5.281,0
0.99,0,174.6,2.105,0.656,7.256,10.37,9.33,-8.31,6.506,1.142,0.826,-7.791,0,0.705,2.839,0
0.98,0,130.5,0.658,0.261,1.519,25.31,15.5,-21.52,0.099,0.128,0.074,0.579,0,0.131,0.883,0
0.98,0,136.7,1.845,1.716,6.796,7.25,6.31,-6.21,6.15,2.03,0.689,-13.134,0,0.229,1.327,0
0.99,0,155.5,0.97,0.474,18.496,15.27,13.85,-13.6,0.302,1.418,0.174,1.629,0,0.278,6.26,0
0.99,0,166,1.917,0.608,4.108,14.8,10.13,-12.68,3.328,1.716,0.218,3.737,0,0.674,4.998,0
0.98,0,125.3,0.397,0.335,6.804,14.57,8.57,-9.97,6.846,3.864,0.24,1.872,0,0.237,3.244,0
0.98,0,87.9,0.741,0.485,2.81,18.17,12.17,-12.46,0.155,0.378,0.036,-0.602,0,0.233,2.137,0
0.99,0,185,2.535,0.634,4.714,12.2,11.7,-11.16,0.396,0.63,0.456,-1.342,0,0.577,2.532,0
0.98,0,107.9,0.944,0.474,3.839,18.3,12.2,-13.12,0.174,0.978,0.025,4.37,0,0.284,3.029,0
0.99,0,216.2,0.895,0.526,5.234,11.64,13.65,-11.07,2.014,1.646,0.548,-4.414,0,0.122,0.705,0
0.98,0,122.1,1.918,0.293,2.128,20.12,17.57,-17.37,0.122,1.195,0.044,7.969,0,1.097,4.232,0
0.99,0,244.5,0.673,0.104,1.257,27.78,23.2,-27.33,0.136,0.115,0.257,4.052,0,0.094,1.015,0
0.99,1.89,104.5,2.411,1.541,7.159,10.53,5.17,-4.34,4.454,3.2,0.393,0.74,1,0.933,4.624,0
0.99,3.82,187.7,1.515,0.736,2.28,17.64,14.25,-12.25,0.934,0.683,0.185,3.393,1,0.96,11.4,0
0.99,0,238.4,0.949,0.272,2.991,23.23,20.11,-22.05,0.351,1.163,0.152,5.932,0,0.414,3.493,0
0.99,0,239.1,0.324,0.193,2.045,20.48,17.31,-24.25,0.367,0.239,0.086,7.831,0,0.088,1.063,0
0.99,0,240.6,0.971,1.042,9.773,8.53,9.23,-8.37,8.472,1.881,0.687,-8.452,0,0.154,1.376,0
0.99,0,219.5,0.424,0.294,2.204,20.11,18.83,-18.61,0.184,0.286,0.4,-0.452,0,0.112,1.054,0
0.99,0,219.8,1.848,0.394,5.694,16.73,16.37,-16.34,0.38,1.449,0.15,5.431,0,0.964,6.814,0
0.98,15.92,100.8,3.358,0.99,6.422,11.6,6.07,-4.12,2.987,2.73,0.025,-4.637,2,0.96,3.223,0
0.98,0,165,1.312,0.453,3.071,12.63,12.28,-12.11,0.308,0.686,0.748,-6.692,0,0.368,1.293,0
0.99,0,209.2,0.625,0.657,3.982,13.13,12.68,-12,0.403,1.047,0.603,-3.55,0,0.091,1.178,0
0.98,0,99.6,0.816,0.211,1.603,23.92,14.87,-14.21,0.146,0.18,0.014,5.523,0,0.337,1.401,0
0.98,0,229.6,6.507,0.52,5.189,14.09,13.76,-11.46,4.737,1.673,0.553,-1.395,0,0.634,2.177,0
0.99,0,184.1,2.775,0.691,3.58,17.62,9.97,-11.14,7.605,1.178,0.612,-4.339,0,1.174,2.499,0
0.99,0.76,242.4,1.047,0.199,2.063,14.79,14.4,-16.03,3.824,0.305,0.156,7.157,1,0.622,6.259,0
0.99,1.23,160.2,0.488,0.369,11.935,15.47,10.8,-13.01,2.905,1.833,0.219,1.679,1,0.206,52.246,0
0.98,0,131.2,0.53,0.363,3.708,15.46,13.12,-11.93,0.243,0.571,0.709,-8.139,0,0.141,1.515,0
0.98,0,173.7,0.702,0.272,2.911,20.04,16.25,-18.65,0.183,0.409,0.366,-2.696,0,0.315,2.003,0
0.97,0,113.9,0.926,0.767,6.511,7.68,7.79,-5.66,4.145,2.972,0.771,-7.857,0,0.421,2.588,0
0.98,0,117.4,2.283,0.2,4.982,19.95,14.21,-15.27,2.574,3.208,0.017,8.407,0,0.33,2.573,0
0.99,0,186.2,0.88,0.363,2.058,17.85,16.58,-15.74,1.021,0.416,0.23,3.172,0,0.082,0.926,0
0.99,0,206.8,0.877,0.563,3.174,13.59,13.09,-12.78,0.279,1.286,0.17,5.253,0,0.417,6.006,0
0.99,0,268.4,0.997,0.995,9.163,6.87,10.36,-8.55,2.037,4.592,0.409,1.665,0,0.402,2.195,0
0.98,0,98.6,1.255,1.208,4.006,13.95,7.94,-7.12,0.147,0.714,0.446,-4.796,0,0.093,0.908,0
0.97,0,112,1.218,0.446,3.198,19.42,15.86,-13.54,0.117,0.268,0.286,1.651,0,0.369,2.922,0
0.99,0,222.5,0.571,0.33,3.245,17.94,14.74,-17.54,3.979,0.607,0.094,5.64,0,0.257,1.437,0
0.99,0,202.7,1.002,0.687,3.923,14.15,8.59,-9.7,7.477,1.511,0.362,-11.855,0,0.133,1.325,0
0.99,0,208.1,0.512,0.381,2.408,17.77,15.43,-16.45,0.286,0.512,0.111,-1.56,0,0.237,2.728,0
0.98,0,202.5,1.376,1.152,4.063,14.24,9.21,-9.88,6.076,0.855,0.359,-11.515,0,0.23,2.307,0
0.99,0,208.5,2.406,0.372,4.016,18.53,18.01,-15.29,0.239,0.463,0.16,1.324,0,0.544,1.837,0
0.98,0,105.9,1.349,0.871,3.575,10.63,6.57,-6.02,1.8,4.616,0.005,8.779,0,0.307,2.623,0
0.96,0,200.2,0.871,0.87,7.33,8.99,10.6,-8.89,2.89,3.214,0.608,-4.082,0,0.182,2.779,0
0.99,0,204,0.8,0.283,1.686,18.63,15.81,-16.01,0.284,0.286,0.676,-8.128,0,0.496,3.247,0
0.25,13.62,247.1,6.174,7.33,22.835,1.99,3.11,-2.94,14.244,27.539,0.579,-1.306,4,2.698,15.848,0
0.99,0,161.9,0.871,0.311,2.415,16,15.48,-14.39,0.206,0.838,0.081,2.175,0,0.158,0.633,0
0.99,3.45,178.3,4.958,1.368,11.86,3.7,5.42,-5.04,9.396,13.666,0.547,-1.838,3,0.535,5.661,0
0.99,0,201.2,0.559,0.332,4.062,16.36,14.12,-16.06,0.303,1.072,0.191,1.074,0,0.407,2.775,0
0.99,0,126.3,0.633,0.359,11.52,12.52,9.09,-8.24,1.295,4.375,0.048,3.436,0,0.291,3.163,0
0.97,0,230.1,2.486,0.186,1.726,24.88,22.86,-26.25,0.19,0.184,0.04,10.049,0,1.678,11.698,0
0.98,0,189.1,0.727,0.476,6.35,7.26,8.22,-7.76,7.639,0.675,0.911,-11.152,0,0.269,2.586,0
0.95,20.45,133.3,5.54,1.286,15.645,6.73,5.72,-4.82,5.947,18.999,0.08,7.01,7,0.38,6.426,0
0.92,25.33,100.7,6.201,5.568,19.537,-1,1.61,-2.42,13.002,28.815,0.439,-3.703,4,1.298,5.047,0
0.98,0,108.1,0.68,0.324,2.83,21.55,16.11,-16.66,0.123,0.441,0.026,6.677,0,0.189,1.286,0
0.98,0,95.8,1.201,0.501,3.873,11.2,7.49,-6.77,4.597,1.123,0.665,-10.337,0,0.158,0.601,0
0.97,0,98.8,0.833,0.5,5.159,9.36,6.18,-5.25,6.854,1.685,0.688,-10.136,0,0.35,2.765,0
0.97,0,93.4,1.095,0.657,6.206,8.37,6.38,-5.4,4.375,1.02,0.886,-13.858,0,0.172,1.676,0
0.98,1.02,176.5,1.804,1.038,17.933,6.93,5.31,-7.31,7.963,7.008,0.622,-4.381,1,0.344,12.154,0
0.99,0,230.6,0.607,0.294,6.412,17.37,14.63,-17.96,6.012,1.348,0.169,4.457,0,0.408,3.09,0
0.99,0,230.9,0.807,0.651,5.058,10.82,13.72,-12.5,2.159,1.91,0.165,1.872,0,0.161,1.9,0
0.99,0,220.5,0.37,0.187,1.759,24.37,22.62,-23.35,0.143,0.243,0.225,0.271,0,0.037,0.295,0
0.99,0,212.9,1.274,0.998,4.43,9.65,11.3,-7.86,12.007,2.503,0.452,-1.953,0,0.549,1.721,0
0.99,0,203.2,0.598,0.355,5.485,15.24,16.26,-14.83,0.282,1.042,0.475,-1.392,0,0.227,2.928,0
0.98,0,104.8,1.234,1.174,6.533,10.63,7.7,-7.16,0.281,3.034,0.284,-0.933,0,0.363,3.125,0
0.99,0,187.4,0.884,0.566,7.763,11.83,12.31,-10.95,2.687,2.229,0.303,0.286,0,0.24,2.996,0
0.7,0,181.5,1.036,0.876,4.432,13.48,13.37,-10.43,3.003,1.084,0.41,-0.805,0,0.403,14.496,0
0.99,0,193.6,1.519,0.597,10.841,17.75,14.64,-12.58,4.385,1.289,0.353,0.261,0,0.186,4.27,0
0.52,0,206,1.485,0.952,7.093,11.05,9.96,-9.78,4.348,3.203,0.501,-0.469,0,0.327,4.56,0
0.97,0,66.8,1.152,0.98,5.374,13.32,6.93,-6.53,0.644,1.339,0.021,-0.526,0,0.474,2.175,0
0.98,7.92,107.8,1.053,0.856,16.934,5.18,5.02,-5.58,13.183,20.591,0.18,0.636,4,0.264,7.389,0
0.98,0,107.8,1.134,1.068,14.499,8.87,5.59,-4.39,10.155,2.494,0.28,-7.583,0,0.21,1.485,0
0.98,0,106.9,0.53,0.27,3.729,17.37,17.4,-12.65,0.234,0.94,0.058,2.685,0,0.132,1.32,0
0.96,0,89.3,1.667,0.922,8.303,4.94,3.86,-3.78,8.764,4.134,0.636,-11.878,0,0.509,3.413,0
0.99,0,129.3,1.265,0.344,7.663,17.28,10.77,-11.7,1.078,1.003,0.357,-1.484,0,0.538,3.435,0
0.98,0,154.6,1.264,1.247,5.725,10.87,9.85,-8.77,2.738,3.4,0.447,-0.6,0,0.24,1.327,0
0.98,0,113.4,2.423,0.51,4.161,10.87,5.86,-4.14,7.796,3.716,0.002,-2.801,0,0.982,3.385,0
0.99,0,152.9,1.793,0.732,8.186,6.97,6.63,-6.87,7.979,9.413,0.452,-1.823,0,0.409,2.749,0
0.98,1.68,176.2,16.015,3.496,22.117,10.36,6.2,-5.24,9.382,15.898,0.206,2.882,1,0.386,5.424,0
0.98,0,162.6,0.677,0.697,5.088,13.23,11.63,-10.85,1.646,2.767,0.204,2.875,0,0.156,2.156,0
0.99,13.74,175,2.059,1.465,12.012,7.05,5.87,-6.07,8.295,10.639,0.621,-2.049,5,1.771,3.951,0
0.98,0,165.5,0.425,0.395,6.542,11.87,10.86,-11.43,3.026,2.88,0.355,0.697,0,0.058,1.41,0
0.99,0,183.6,1.801,2.722,36.605,9.45,3.32,-6.82,14.18,17.228,0.556,-2.311,0,0.444,3.028,0
0.98,0,112.4,0.518,0.343,7.036,17.3,12.29,-12.09,0.913,1.904,0.09,3.666,0,0.185,2.891,0
0.99,0,190.6,0.514,0.443,2.562,16.88,16.8,-16.25,0.216,0.804,0.391,1.052,0,0.066,1.231,0
0.98,0,99.6,1.241,0.82,4.797,13.01,9.56,-9.46,0.162,0.838,0.376,-1.63,0,0.392,1.492,0
0.98,0,152.8,1.102,0.392,6.055,17.54,12.9,-15.55,0.29,1.151,0.193,3.615,0,0.447,2.464,0
0.99,0,199.5,0.579,0.358,5.106,12.31,10.22,-11.89,2.702,1.512,0.283,0.556,0,0.336,3.601,0
0.97,5.2,103,1.978,2.393,8.923,7.45,4.47,-4.2,7.022,6.002,0.212,1.891,1,0.27,2.263,0
0.97,7.71,85.6,1.403,0.854,13.534,4.54,5.12,-4.29,7.214,13.057,0.221,-3.711,4,0.502,5.536,0
0.97,0,89.6,1.252,0.915,4.991,16.36,8.27,-6.7,1.278,1.464,0.038,3.057,0,0.229,1.273,0
0.97,0,95.9,0.821,0.337,6.943,12.17,6.44,-6.32,7.041,3.526,0.015,-6.375,0,0.403,3.645,0
0.98,0,109.6,1.334,0.443,2.406,16.45,14.3,-12.78,0.098,0.756,0.021,6.752,0,0.227,1.136,0
0.98,0,138.6,0.668,0.803,1.628,17.23,14.9,-13.57,0.086,0.406,0.008,11.901,0,0.329,0.769,0
0.99,0,128.8,1.12,0.811,7.147,11.04,6.2,-4.75,6.206,4.798,0.414,-0.94,0,0.316,3.63,0
0.98,0,105.8,2.146,0.225,3.302,18,15.16,-13.76,0.194,1.297,0.019,7.973,0,0.375,1.447,0
0.99,3.02,161.9,1.789,1.525,8.378,11.65,7.82,-9.39,6.525,2.3,0.547,-5.363,1,0.496,6.645,0
0.99,0,207.7,0.846,0.349,5.838,19.2,13.66,-18.34,0.347,0.846,0.358,-0.22,0,0.372,3.302,0
0.98,8.62,165.8,40.269,1.122,12.944,7.34,5.34,-3.89,7.47,19.457,0.153,3.807,6,0.622,9.489,0
0.98,0,141.2,2.935,4.388,11.905,-1.26,2.69,-2.33,11.779,16.838,0.549,-13.589,0,0.4,2.571,0
0.99,1.03,193.6,0.866,0.37,12.581,16.88,17.49,-15.8,0.242,0.802,0.22,4.537,1,0.606,92.165,0
0.98,0,98.7,0.701,0.302,5.129,15.66,9.5,-9.73,6.195,1.936,0.11,2.87,0,0.053,1.121,0
0.99,0,167.3,0.437,0.347,3.733,18.9,15.29,-14.49,1.064,0.578,0.176,2.428,0,0.141,1.372,0
0.99,0,163.2,0.759,0.46,3.892,15.01,12.28,-13.24,0.321,1.77,0.158,1.556,0,0.078,0.5,0
0.98,0,124.3,0.545,0.365,9.56,17.62,12.7,-13.8,1.329,1.016,0.228,-0.886,0,0.24,3.562,0
0.99,0,218,0.787,0.484,6.154,17.12,16.39,-15.74,0.198,1.535,0.128,4.74,0,0.05,0.759,0
0.99,1.04,190.4,0.813,0.441,11.978,13.6,16.19,-13.41,0.286,1.453,0.313,0.204,1,0.233,4.98,0
0.92,21.09,77.4,2.25,2.231,16.329,0.85,3.32,-2.91,11.912,29.358,0.044,-1.155,5,0.228,7.539,0
0.98,0,174.2,0.879,0.386,3.481,15.47,12.53,-12.55,0.39,1.304,0.333,0.582,0,0.187,1.373,0
0.99,0,157.4,1.13,0.552,5.108,4.02,6.69,-3.4,10.455,1.637,0.297,-11.647,0,0.638,4.575,0
0.98,0,168.5,0.732,0.337,6.942,17.95,14.09,-15.7,0.207,1.148,0.188,2.943,0,0.309,3.37,0
0.99,0,230.1,0.84,0.341,5.123,15.87,15.76,-18.34,0.341,0.554,0.532,-1.961,0,0.389,4.664,0
0.99,1.87,166.1,5.806,10.355,11.435,-0.92,1.55,-2.56,12.795,18.182,0.515,-7.941,1,0.686,2.78,0
0.98,0,186.9,0.344,0.286,3.302,20.68,14.03,-20.44,0.238,0.486,0.117,5.28,0,0.098,1.293,0
0.05,0,160.3,0.811,0.96,11.071,3.76,4.41,-3.46,8.373,20.917,0.056,5.276,0,0,0.006,0
0.98,15.44,284.3,3.659,2.784,20.57,1.13,4.52,-3.99,11.518,23.787,0.291,4.099,13,0.421,9.617,0
0.99,0,178,0.522,0.167,1.834,19.57,18.05,-18.13,0.159,0.413,0.472,-3.55,0,0.216,2.031,0
0.98,0,107.5,1.089,0.726,10.844,6.08,4.43,-3.85,10.896,12.904,0.301,-1.373,0,0.298,4.541,0
0.99,0,226.3,0.685,0.473,1.918,6.48,14.1,-7.76,2.06,0.933,0.62,-5.067,0,0.29,2.273,0
0.97,0,108.9,1.282,0.58,3.276,13.57,9.38,-6.83,4.7,0.269,0.742,-15.646,0,0.315,1.864,0
0.39,2.34,120.5,1.409,1.198,5.932,16.18,7.16,-6.21,4.052,4.308,0.046,2.731,1,0.383,5.784,0
0.97,0,62.7,1.111,0.294,3.097,6.6,4.4,-3.95,8.386,8.549,0,-3.892,0,0.457,2.102,0
0.97,6.55,87.3,2.339,0.651,11.078,9.63,4.02,-4.62,10.726,4.278,0.015,-2.692,3,0.387,4.042,0
0.99,0,133.8,0.676,0.463,4.446,11.69,8.92,-7.06,4.995,2.16,0.134,5.536,0,0.092,1.075,0
0.99,3.25,125.7,1.079,0.487,5.389,13.29,9.2,-7.59,4.134,3.12,0.013,8.979,2,0.557,8.457,0
0.99,0,243,0.782,0.398,4.678,8.79,14,-17.12,6.805,0.598,0.295,0.066,0,0.034,0.42,1
0.98,0,134.1,1.064,0.601,8.028,11.51,7.59,-6.48,5.288,2.949,0.445,-3.208,0,0.683,4.233,1
0.99,0,198.4,0.505,0.276,1.441,20.12,16.47,-19.24,0.264,0.215,0.378,0.473,0,0.162,1.574,1
0.99,0,196.7,1.622,0.459,3.223,10.43,11.08,-10.04,3.179,0.878,0.551,-7.927,0,0.574,2.962,1
0.99,0,201.9,0.647,0.548,4.488,15.22,14.13,-13.22,0.396,0.735,0.578,-2.983,0,0.267,3.473,1
0.98,0,108.4,0.975,0.92,7.748,5.78,6.75,-4.67,8.314,6.946,0.414,-5.706,0,0.365,3.211,1
0.32,0,93,2.538,1.093,8.344,2.51,3.39,-2.9,9.376,23.946,0.412,-3.12,0,0.866,3.345,1
0.96,46.98,135.3,5.399,6.497,20.821,1.19,2.74,-3.47,10.771,25.883,0.592,-2.537,12,0.537,12.354,1
0.94,1.71,198.2,4.044,3.375,12.966,4.62,5.05,-4.84,11.857,12.89,0.826,-7.705,2,0.929,7.077,1
0.57,0,183.6,2.316,1.259,11.113,11.05,11.75,-9.36,5.658,5.625,0.297,3.555,0,1.194,7.336,1
0.98,1.49,129.9,0.586,0.443,13.967,14.94,13.9,-11.8,0.17,2.746,0.028,4.564,1,0.147,11.241,1
0.99,0,132.9,0.393,0.07,1.544,30.13,16.9,-20.8,0.081,0.199,0.002,12.692,0,0.231,2.318,1
0.76,52.74,91.8,1.725,1.095,19.836,5.27,3.83,-3.39,12.174,19.742,0.203,-0.337,4,0.196,7.702,1
0.99,0,157.8,2.001,0.713,6.458,12.1,8.87,-5.87,6.919,1.348,0.484,-9.612,0,0.559,5.502,1
0.99,0,190.4,1.026,0.164,2.863,24.07,18.2,-23.01,0.194,0.417,0.096,9.478,0,0.545,1.583,1
0.99,0,108.4,0.962,0.358,3.83,13.53,9.67,-8.23,0.309,3.129,0.134,3.265,0,0.332,1.389,1
0.99,0,188.2,3.112,1.437,10.47,2.9,5.96,-4.3,11.722,2.425,0.919,-12.63,0,0.566,1.78,1
0.99,0,199.1,1.5,1.623,11.656,13.98,10.08,-12.26,1.872,1.215,0.215,4.045,0,0.073,0.729,1
0.95,55.32,145.8,5.687,4.04,20.908,8.25,6.02,-4,2.416,10.844,0.158,2.713,4,1.284,14.27,1
0.53,90.32,291.7,9.394,14.205,49.856,2.16,0.98,-3.59,13.909,26.449,0.019,20.95,4,0.595,12.202,1
0.99,0,205.8,0.832,0.272,2.166,26.42,23.53,-23.88,0.132,0.198,0.036,10.285,0,0.5,2.557,1
0.91,0,106.6,1.219,0.173,2.439,19.01,12.06,-11.38,0.889,0.571,0.36,-1.232,0,0.192,1.227,1
0.99,1.12,147.3,2.635,0.519,11.067,12.42,10.39,-9.14,2.474,2.704,0.41,-3.478,1,1.772,11.724,1
0.98,0,159.7,1.241,1.325,6.367,7.08,5.03,-3.74,11.602,2.45,0.848,-9.716,0,0.456,2.275,1
0.98,0,134.1,2.428,0.311,2.494,20.1,13.9,-11.75,0.177,0.747,0.008,9.374,0,0.74,3.111,1
0.99,0,192.5,1.357,0.924,10.826,5.82,7.58,-6.14,7.693,1.592,0.949,-14.171,0,0.844,8.055,1
0.99,0,178.4,1.984,1.878,6.333,2.31,6.49,-3.6,10.168,4.476,0.879,-9.868,0,0.218,1.628,1
0.98,1.7,107.7,1.113,0.32,3.969,18,11.45,-12.02,0.344,1.805,0.036,5.827,1,0.32,3.407,1
0.98,0,117.5,0.824,0.497,5.945,13.3,8.16,-8.69,6.017,2.818,0.174,-1.758,0,0.267,2.064,1
0.96,45.59,155,5.559,5.198,25.887,0.04,2.92,-2.99,11.443,35.097,0.424,0.495,6,0.641,3.839,1
0.98,0,83.7,1.722,0.357,3.887,9.38,7.05,-6.06,0.894,1.213,0.594,-10.218,0,0.248,1.013,1
0.94,7.68,139.6,6.734,8.242,15.488,-0.69,2.08,-2.58,13.931,32.096,0.641,-3.227,4,2.003,5.528,1
0.99,0,137.8,0.948,0.198,2.523,23.54,18.02,-18.39,1.019,0.312,0.007,10.265,0,0.409,2.448,1
0.95,0,108.2,0.9,0.88,7.601,13.44,7.14,-8.14,5.462,3.611,0.198,3.072,0,0.196,1.896,1
0.98,0,118.2,1.163,0.649,6.142,5.73,5.54,-4.36,9.553,6.739,0.542,-7.598,0,0.656,4.094,1
0.99,2.22,209.7,1.756,1.94,18.983,3.29,5.59,-4.73,14.622,11.646,0.629,-2.594,3,0.318,7.25,1
0.86,55.36,211.9,5.17,3.824,23.244,1.59,3.37,-3.39,12.213,39.222,0.437,-0.032,7,1.303,5.482,1
0.64,49.11,92.3,9.86,7.318,28.74,-0.18,1.58,-2.86,1.867,21.227,0.027,-2.634,6,1.663,19.532,1
0.91,20.85,106,4.903,1.8,19.447,1.93,3.65,-2.82,7.8,21.312,0.11,1.809,5,0.285,13.644,1
0.16,0,77.3,2.723,2.208,14.01,-1.97,1.29,-2.94,10.997,30.691,0,-4.759,0,0.407,2.053,1
0.71,5.53,100.4,2.417,0.892,14.057,4.82,4.24,-3.53,12.788,16.519,0.134,4.348,2,0.803,7.098,1
0.99,0,162.9,1.566,1.597,19.634,4.68,4.56,-4.66,8.684,13.614,0.358,0.159,0,0.649,2.871,1
0.99,20.22,208.7,4.761,6.342,18.143,2.02,3.66,-3.74,15.055,23.294,0.555,-1.343,11,1.577,3.915,1
0.96,0,209.8,2.133,2.622,7.218,4.92,5.55,-5.4,11.997,4.988,0.86,-9.982,0,0.457,1.898,1
0.99,0,210.2,0.817,0.572,7.682,12.08,11.85,-11.18,3.861,1.421,0.388,-2.756,0,0.294,3.251,1
0.91,5.82,150.2,1.313,1.106,14.39,7.28,6.34,-6.41,6.67,12.049,0.412,0.169,1,0.465,9.555,1
0.94,0,231,0.566,0.474,4.941,7.73,12.26,-8.76,3.64,2.691,0.728,-5.783,0,0.054,0.591,1
0.99,0,220.5,1.329,1.722,7.853,3.82,8.26,-5.3,10.412,5.196,0.694,-5.532,0,0.24,2.449,1
0.8,65.79,216,8.833,12.448,26.839,1.18,1.95,-3.32,13.297,33.087,0.501,0.039,16,0.313,10.613,1
0.99,0,220.6,0.88,0.5,5.182,19.65,14.65,-17.14,0.358,0.844,0.536,-1.325,0,0.346,3.49,1
0.98,0,145,1.374,0.453,5.689,16.53,13.02,-10.82,0.238,1.263,0.379,-1.49,0,0.977,9.84,1
0.99,0,262.6,0.88,0.609,6.185,20.46,15.59,-17.71,1.316,1.029,0.33,3.15,0,0.344,3.062,1
0.38,80.21,173,18.44,13.594,32.477,-0.18,0.75,-2.94,15.976,34.376,0.118,10.648,4,1.167,22.105,1
0.99,0,195.9,0.494,0.326,3.063,14.87,13.73,-14.63,1.538,0.754,0.411,-1.392,0,0.099,1.113,1
0.99,0,178.4,1.24,1.468,16.82,4.59,6.99,-3.94,12.064,2.444,0.895,-11.566,0,0.162,4.387,1
0.99,0.92,230,1.91,0.31,4.243,20.57,22.11,-21.71,0.362,0.481,0.028,10.177,1,1.216,10.3,1
0.99,0,208.6,1.769,1.097,8.788,6.31,6.71,-6.07,11.228,1.514,0.806,-10.666,0,0.573,3.664,1
0.99,0,254.7,0.555,0.419,3.769,6.87,10.22,-10.3,0.911,0.621,0.878,-8.731,0,0.09,1.525,1
0.99,0,200.9,6.322,11.935,16.555,-0.34,2.11,-2.71,11.801,10.727,0.592,-5.698,0,0.307,1.163,1
0.94,1.58,247.2,1.109,1.206,12.608,5.33,8.05,-7.29,10.623,8.71,0.58,-2.398,2,0.139,1.811,1
0.98,2.99,98.1,6.704,2,10.284,0.96,2.27,-2.47,10.156,3.819,0.903,-13.586,1,0.528,2.393,1
0.99,1,204.9,1.256,0.744,10.439,13.94,8.48,-12.47,4.298,4.897,0.207,4.533,1,0.197,2.287,1
0.99,1.28,175.7,14.296,0.947,9.562,8.94,9.09,-7.99,2.616,1.901,0.572,-3.478,1,0.785,6.554,1
0.99,0,195.7,3.53,3.949,12.738,1.93,3.82,-3.59,12.835,10.195,0.792,-7.917,0,0.769,2.714,1
0.99,0,264.5,1.911,2.047,11.794,1.81,6.91,-7.59,3.807,5.128,0.786,-5.637,0,0.614,4.025,1
0.98,0,151.5,1.111,1.284,8.747,4.43,5.45,-4.66,11.101,3.915,0.549,-7.893,0,0.405,4.687,1
0.99,2.71,228.7,2.402,1.834,11.295,10.72,7.1,-8.2,8.532,4.626,0.156,4.215,3,0.848,13.351,1
0.78,6.35,132.8,1.24,1.107,11.988,5.99,5.57,-5.48,10.254,12.785,0.233,-0.793,3,0.315,3.548,1
0.99,0,170.5,1.511,0.776,9.158,13.32,8.01,-11.32,11.564,2.78,0.068,8.905,0,0.739,6.795,1
0.92,20.08,112.8,3.764,0.872,12.289,6.92,6.19,-4.78,7.878,12.326,0.334,-2.327,2,0.356,4.071,1
0.98,0,113.9,1.386,0.415,5.553,16.11,9.65,-10.09,2.333,1.998,0.163,3.531,0,0.727,2.76,1
0.93,74.45,134.6,1.473,2.535,34.874,2.5,3.43,-3.54,10.556,35.392,0.318,1.437,6,0.056,5.293,1
0.62,27.11,104.4,4.158,1.274,13.725,6.75,4.47,-4.04,8.157,14.679,0.002,0.131,2,0.575,4.777,1
0.94,5.69,130.8,2.321,3.047,28.799,4.41,3.45,-2.49,12.632,13.831,0.216,2.688,3,0.283,9.795,1
0.98,0,135.7,1.129,1.432,5.208,16.25,7.06,-7.27,3.055,0.981,0.2,-2.533,0,0.341,4.802,1
0.99,8.54,85.3,5.978,1.196,9.761,8.32,4.6,-4.45,6.027,10.722,0.034,0.21,1,1.56,7.977,1
0.89,16.89,175.9,27.683,1.777,15.627,2.1,6.01,-4.08,10.973,17.889,0.209,-0.683,5,0.195,4.954,1
0.98,0,127.1,0.814,0.421,5.753,9.42,10.15,-6.54,4.334,3.542,0.132,4.484,0,0.167,2.977,1
0.99,0,208.5,1.422,1.263,7.479,7.41,6.76,-7.22,13.073,7.318,0.635,-3.455,0,0.327,3.228,1
0.98,0,97.9,1.48,1.138,5.445,8.33,5.36,-4.31,11.543,4.762,0.146,-4.478,0,0.185,1.621,1
0.98,0,114.3,2.047,1.84,14.673,12.19,5.09,-4.99,4.71,4.367,0.065,4.839,0,0.633,4.902,1
0.98,0,143.3,1.668,0.856,7.761,7.17,6.29,-5.16,7.211,3.162,0.721,-6.385,0,0.643,5.625,1
